NDCG5,NDCG10,NDCG20,RECALL5,RECALL10,RECALL20,MRR5,MRR10,MRR20,0-15_NDCG5,0-15_NDCG10,0-15_NDCG20,0-15_RECALL5,0-15_RECALL10,0-15_RECALL20,0-15_MRR5,0-15_MRR10,0-15_MRR20,15-20_NDCG5,15-20_NDCG10,15-20_NDCG20,15-20_RECALL5,15-20_RECALL10,15-20_RECALL20,15-20_MRR5,15-20_MRR10,15-20_MRR20,20-25_NDCG5,20-25_NDCG10,20-25_NDCG20,20-25_RECALL5,20-25_RECALL10,20-25_RECALL20,20-25_MRR5,20-25_MRR10,20-25_MRR20,25-30_NDCG5,25-30_NDCG10,25-30_NDCG20,25-30_RECALL5,25-30_RECALL10,25-30_RECALL20,25-30_MRR5,25-30_MRR10,25-30_MRR20,30-35_NDCG5,30-35_NDCG10,30-35_NDCG20,30-35_RECALL5,30-35_RECALL10,30-35_RECALL20,30-35_MRR5,30-35_MRR10,30-35_MRR20,Head_NDCG5,Head_NDCG10,Head_NDCG20,Head_RECALL5,Head_RECALL10,Head_RECALL20,Head_MRR5,Head_MRR10,Head_MRR20,Tail_NDCG5,Tail_NDCG10,Tail_NDCG20,Tail_RECALL5,Tail_RECALL10,Tail_RECALL20,Tail_MRR5,Tail_MRR10,Tail_MRR20
0.4712864572135144,0.5065298289952381,0.556019308930434,0.393520942248848,0.5276352612453309,0.644703188556964,0.6928048562756653,0.6994439768408705,0.7019697834109088,0.07888604259528192,0.12415591232988867,0.17810832951935474,0.10520616409829239,0.222747466333472,0.4033148803739184,0.07107659346545263,0.0868099659074484,0.09746407453652885,0.23041491724814467,0.2990384952515727,0.3567193216131669,0.3721934369602763,0.5781519861830743,0.7987910189982729,0.03968041421174792,0.04539155422926182,0.04845746481308995,0.25308981804126957,0.3225815610009276,0.37404295685595623,0.419672131147541,0.6295081967213115,0.8278688524590164,0.03289591144438495,0.03746737402334619,0.03977565112610247,0.3039474681629542,0.3742630313243754,0.4200511013416984,0.5063829787234042,0.723404255319149,0.8978723404255319,0.03018211033743977,0.033722081941150006,0.03535010110232613,0.4081110293910271,0.46920029228102433,0.4944372074530282,0.654299175500589,0.8327444051825676,0.9293286219081273,0.05036600607034458,0.05381840827743346,0.054837035640144395,0.5421172412660311,0.6026496952986565,0.6560688563605692,0.5164800709583075,0.6837838485299411,0.8202362029091929,0.6876182824495628,0.694166645411959,0.696281733047227,0.021911704094768274,0.03668587786984828,0.06323647192711344,0.03122605363984675,0.07315879097488295,0.16983822903363133,0.010024995536511339,0.013031473971484681,0.016235128159006466
