NDCG5,NDCG10,NDCG20,RECALL5,RECALL10,RECALL20,MRR5,MRR10,MRR20,0-15_NDCG5,0-15_NDCG10,0-15_NDCG20,0-15_RECALL5,0-15_RECALL10,0-15_RECALL20,0-15_MRR5,0-15_MRR10,0-15_MRR20,15-20_NDCG5,15-20_NDCG10,15-20_NDCG20,15-20_RECALL5,15-20_RECALL10,15-20_RECALL20,15-20_MRR5,15-20_MRR10,15-20_MRR20,20-25_NDCG5,20-25_NDCG10,20-25_NDCG20,20-25_RECALL5,20-25_RECALL10,20-25_RECALL20,20-25_MRR5,20-25_MRR10,20-25_MRR20,25-30_NDCG5,25-30_NDCG10,25-30_NDCG20,25-30_RECALL5,25-30_RECALL10,25-30_RECALL20,25-30_MRR5,25-30_MRR10,25-30_MRR20,30-35_NDCG5,30-35_NDCG10,30-35_NDCG20,30-35_RECALL5,30-35_RECALL10,30-35_RECALL20,30-35_MRR5,30-35_MRR10,30-35_MRR20,Head_NDCG5,Head_NDCG10,Head_NDCG20,Head_RECALL5,Head_RECALL10,Head_RECALL20,Head_MRR5,Head_MRR10,Head_MRR20,Tail_NDCG5,Tail_NDCG10,Tail_NDCG20,Tail_RECALL5,Tail_RECALL10,Tail_RECALL20,Tail_MRR5,Tail_MRR10,Tail_MRR20
0.10843848640082841,0.13007229957726799,0.1551705491666745,0.13459021731940551,0.19552922571605943,0.2773512400275389,0.13622888239116276,0.14801742009344365,0.15534236756651915,0.020055326435943602,0.023115530237406288,0.027206607586984035,0.025728710704337444,0.03415296016270946,0.048746794446655174,0.015541473718417425,0.016473911849246983,0.017173323193195405,0.025838112555897016,0.03017577160310279,0.04059402278866602,0.032266260162601625,0.04598577235772358,0.08714430894308943,0.003840526700804682,0.004127235710995769,0.004549739376176786,0.028253359998983006,0.03690415778625607,0.06823407160829048,0.034482758620689655,0.06196120689655173,0.188757183908046,0.0029748841745915627,0.003377515356301018,0.004321797536668862,0.026866106326193243,0.037901320516094184,0.0993208611856248,0.03482587064676617,0.06965174129353234,0.31633499170812607,0.0024784657890459935,0.0029348827130397095,0.004546480194770766,0.031301929502869315,0.05956075051474076,0.14159161608102058,0.04588607594936709,0.1360759493670886,0.45780590717299574,0.002068601154190035,0.002946242302496873,0.004662405195254919,0.17395225982633314,0.21326615973441587,0.2560879869226056,0.2333655822910048,0.34334290902990416,0.49317043169908764,0.12453489316760046,0.13577705434273793,0.14262089583066842,0.019966573080938518,0.023023950857223478,0.026800375929707004,0.025978934324659236,0.03424204874019,0.04759809995869475,0.013908522219514182,0.01480033966629142,0.015379959557886848
