NDCG5,NDCG10,NDCG20,RECALL5,RECALL10,RECALL20,MRR5,MRR10,MRR20,0-15_NDCG5,0-15_NDCG10,0-15_NDCG20,0-15_RECALL5,0-15_RECALL10,0-15_RECALL20,0-15_MRR5,0-15_MRR10,0-15_MRR20,15-20_NDCG5,15-20_NDCG10,15-20_NDCG20,15-20_RECALL5,15-20_RECALL10,15-20_RECALL20,15-20_MRR5,15-20_MRR10,15-20_MRR20,20-25_NDCG5,20-25_NDCG10,20-25_NDCG20,20-25_RECALL5,20-25_RECALL10,20-25_RECALL20,20-25_MRR5,20-25_MRR10,20-25_MRR20,25-30_NDCG5,25-30_NDCG10,25-30_NDCG20,25-30_RECALL5,25-30_RECALL10,25-30_RECALL20,25-30_MRR5,25-30_MRR10,25-30_MRR20,30-35_NDCG5,30-35_NDCG10,30-35_NDCG20,30-35_RECALL5,30-35_RECALL10,30-35_RECALL20,30-35_MRR5,30-35_MRR10,30-35_MRR20,Head_NDCG5,Head_NDCG10,Head_NDCG20,Head_RECALL5,Head_RECALL10,Head_RECALL20,Head_MRR5,Head_MRR10,Head_MRR20,Tail_NDCG5,Tail_NDCG10,Tail_NDCG20,Tail_RECALL5,Tail_RECALL10,Tail_RECALL20,Tail_MRR5,Tail_MRR10,Tail_MRR20
0.39077693441066447,0.40033671644945,0.43232390886960603,0.22837204785676318,0.35251499878731274,0.510574344441732,0.572240201366414,0.5848131881303399,0.5881033436907519,0.003091407143555234,0.005529821355677218,0.012919387974595546,0.006065149243560038,0.010594353173063818,0.03822074976497765,0.0007011866235167206,0.0012897895583979726,0.001955732462235012,0.001985474605808954,0.005265746632013638,0.015361835826315586,0.0037593984962406013,0.012781954887218045,0.04849624060150376,0.00026968716289104636,0.0005843221862639338,0.0011361892840646836,0.008335730694631916,0.017313378898755838,0.0316114151321786,0.016666666666666666,0.04358974358974359,0.097008547008547,0.0014203523912261777,0.0021990205647163573,0.00307860758380261,0.01758503200638657,0.04128606667835555,0.05666461612161182,0.026819923371647507,0.09578544061302681,0.15229885057471265,0.003056454512765192,0.005139894864813959,0.00593477599950092,0.015011156042193262,0.028699028654247765,0.054025746863116765,0.02222222222222222,0.06111111111111111,0.1564102564102564,0.0027867673498741456,0.004108234448040274,0.005721161930771477,0.42029790488427127,0.44533863970564025,0.4981636723643801,0.3110434008142727,0.4689417575254767,0.6481223303604423,0.5619381517439759,0.5728078286330708,0.5762830993003971,0.043865797862451504,0.06379512759218207,0.10089156527789298,0.04384435966704637,0.09712333022777342,0.20728141550654444,0.054872348076231585,0.06793077173336079,0.07908328584583776
