NDCG5,NDCG10,NDCG20,RECALL5,RECALL10,RECALL20,MRR5,MRR10,MRR20,0-15_NDCG5,0-15_NDCG10,0-15_NDCG20,0-15_RECALL5,0-15_RECALL10,0-15_RECALL20,0-15_MRR5,0-15_MRR10,0-15_MRR20,15-20_NDCG5,15-20_NDCG10,15-20_NDCG20,15-20_RECALL5,15-20_RECALL10,15-20_RECALL20,15-20_MRR5,15-20_MRR10,15-20_MRR20,20-25_NDCG5,20-25_NDCG10,20-25_NDCG20,20-25_RECALL5,20-25_RECALL10,20-25_RECALL20,20-25_MRR5,20-25_MRR10,20-25_MRR20,25-30_NDCG5,25-30_NDCG10,25-30_NDCG20,25-30_RECALL5,25-30_RECALL10,25-30_RECALL20,25-30_MRR5,25-30_MRR10,25-30_MRR20,30-35_NDCG5,30-35_NDCG10,30-35_NDCG20,30-35_RECALL5,30-35_RECALL10,30-35_RECALL20,30-35_MRR5,30-35_MRR10,30-35_MRR20,Head_NDCG5,Head_NDCG10,Head_NDCG20,Head_RECALL5,Head_RECALL10,Head_RECALL20,Head_MRR5,Head_MRR10,Head_MRR20,Tail_NDCG5,Tail_NDCG10,Tail_NDCG20,Tail_RECALL5,Tail_RECALL10,Tail_RECALL20,Tail_MRR5,Tail_MRR10,Tail_MRR20
0.4994230538070545,0.48769479325149134,0.5024690276638497,0.21371090960441244,0.33252471688451485,0.48438022273384584,0.6786146603900497,0.6878457878331818,0.6905910589441294,0.002898550724637681,0.003686448326365061,0.0064495515984596945,0.002898550724637681,0.004554865424430642,0.014699792960662525,0.00016812373907195696,0.0002171598296346111,0.00026639606750568416,0.0,0.0006521627994842846,0.0037066614277760242,0.0,0.0014684287812041115,0.012848751835535976,0.0,2.101546738399462e-05,5.330441423511186e-05,0.0005929374218070211,0.0025922938067527127,0.004166983291850847,0.0005827505827505828,0.007575757575757575,0.013403263403263404,5.6041246357318986e-05,9.153403571695433e-05,0.0001098298543806673,0.0017016296937961762,0.0023982793423183717,0.004869631805984272,0.0036697247706422016,0.00489296636085627,0.01330275229357798,8.966599417171037e-05,8.966599417171037e-05,0.0001436742757354728,0.0007187809477857461,0.0027646575734333882,0.007724773574484941,0.0015151515151515152,0.007070707070707069,0.02585858585858586,3.362474781439139e-05,0.00010134125382948519,0.00017805130816294653,0.5186126747671188,0.5218520586371225,0.5565876672910756,0.2872834017335025,0.43914500148250707,0.6226882623361248,0.6731002017484895,0.6819996851015714,0.684743148392684,0.061410876821476244,0.07857948287451674,0.10835500275080012,0.037587590480239026,0.08513505497188897,0.17608827072069907,0.07490192781887434,0.08903492970826528,0.09803841143329912
