NDCG5,NDCG10,NDCG20,RECALL5,RECALL10,RECALL20,MRR5,MRR10,MRR20,0-15_NDCG5,0-15_NDCG10,0-15_NDCG20,0-15_RECALL5,0-15_RECALL10,0-15_RECALL20,0-15_MRR5,0-15_MRR10,0-15_MRR20,15-20_NDCG5,15-20_NDCG10,15-20_NDCG20,15-20_RECALL5,15-20_RECALL10,15-20_RECALL20,15-20_MRR5,15-20_MRR10,15-20_MRR20,20-25_NDCG5,20-25_NDCG10,20-25_NDCG20,20-25_RECALL5,20-25_RECALL10,20-25_RECALL20,20-25_MRR5,20-25_MRR10,20-25_MRR20,25-30_NDCG5,25-30_NDCG10,25-30_NDCG20,25-30_RECALL5,25-30_RECALL10,25-30_RECALL20,25-30_MRR5,25-30_MRR10,25-30_MRR20,30-35_NDCG5,30-35_NDCG10,30-35_NDCG20,30-35_RECALL5,30-35_RECALL10,30-35_RECALL20,30-35_MRR5,30-35_MRR10,30-35_MRR20,Head_NDCG5,Head_NDCG10,Head_NDCG20,Head_RECALL5,Head_RECALL10,Head_RECALL20,Head_MRR5,Head_MRR10,Head_MRR20,Tail_NDCG5,Tail_NDCG10,Tail_NDCG20,Tail_RECALL5,Tail_RECALL10,Tail_RECALL20,Tail_MRR5,Tail_MRR10,Tail_MRR20
0.07746268596842495,0.0984217923155095,0.11889158921524144,0.09459014875574022,0.15341818468323457,0.22073465634589667,0.10036143599740059,0.11240437126767525,0.11879586611132927,0.0006963788300835655,0.0006963788300835655,0.0006963788300835655,0.0006963788300835655,0.0006963788300835655,0.0006963788300835655,0.0004874482086278333,0.0004874482086278333,0.0004874482086278333,0.0,0.0,0.0,0.0,0.0,0.0,0.0,0.0,0.0,0.0,0.0006229845394782066,0.0065127383193978,0.0,0.0021551724137931034,0.02586206896551724,0.0,2.43842965130456e-05,0.00020479482686842814,0.0024875621890547263,0.003955459756173804,0.03051787094136561,0.0024875621890547263,0.007462686567164179,0.11608623548922058,0.00024378352023403217,0.00029524893006121675,0.0009516946134457334,0.0,0.007007950547547459,0.08352882422581903,0.0,0.022151898734177215,0.3270042194092827,0.0,0.00022923173983890882,0.00182050046578482,0.13770008861870786,0.17835888316305004,0.2161584242400514,0.18450488812355068,0.2985756977123622,0.4313230823792913,0.10014217239418281,0.11218804281806952,0.11858109542307953,0.0007434944237918215,0.0007434944237918215,0.0007434944237918215,0.0007434944237918215,0.0007434944237918215,0.0007434944237918215,0.0004874482086278333,0.0004874482086278333,0.0004874482086278333
