NDCG5,NDCG10,NDCG20,RECALL5,RECALL10,RECALL20,MRR5,MRR10,MRR20,0-15_NDCG5,0-15_NDCG10,0-15_NDCG20,0-15_RECALL5,0-15_RECALL10,0-15_RECALL20,0-15_MRR5,0-15_MRR10,0-15_MRR20,15-20_NDCG5,15-20_NDCG10,15-20_NDCG20,15-20_RECALL5,15-20_RECALL10,15-20_RECALL20,15-20_MRR5,15-20_MRR10,15-20_MRR20,20-25_NDCG5,20-25_NDCG10,20-25_NDCG20,20-25_RECALL5,20-25_RECALL10,20-25_RECALL20,20-25_MRR5,20-25_MRR10,20-25_MRR20,25-30_NDCG5,25-30_NDCG10,25-30_NDCG20,25-30_RECALL5,25-30_RECALL10,25-30_RECALL20,25-30_MRR5,25-30_MRR10,25-30_MRR20,30-35_NDCG5,30-35_NDCG10,30-35_NDCG20,30-35_RECALL5,30-35_RECALL10,30-35_RECALL20,30-35_MRR5,30-35_MRR10,30-35_MRR20,Head_NDCG5,Head_NDCG10,Head_NDCG20,Head_RECALL5,Head_RECALL10,Head_RECALL20,Head_MRR5,Head_MRR10,Head_MRR20,Tail_NDCG5,Tail_NDCG10,Tail_NDCG20,Tail_RECALL5,Tail_RECALL10,Tail_RECALL20,Tail_MRR5,Tail_MRR10,Tail_MRR20
0.33319919242181845,0.33772071470309917,0.36530274732460816,0.1835082956691647,0.2895957219321595,0.42890712683837073,0.5035778496943536,0.5195364805397166,0.5253382065181331,0.0005969154870664239,0.0005969154870664239,0.0012334483925573651,0.0009881422924901185,0.0009881422924901185,0.0029644268774703555,0.0002157497303128371,0.0002157497303128371,0.0002987303958177745,0.0,0.0,0.0,0.0,0.0,0.0,0.0,0.0,0.0,0.0,0.002458248110145575,0.00518812118279047,0.0,0.00641025641025641,0.01581196581196581,0.0,0.0003146350233728874,0.000557882268333439,0.0035717940818731026,0.00523308618714832,0.005985396475471293,0.007662835249042145,0.013409961685823755,0.01532567049808429,0.0005753326141675657,0.0006832074793239842,0.0006832074793239842,0.0,0.0016177685989011731,0.007208632434589165,0.0,0.005128205128205128,0.028205128205128206,0.0,0.00013484358144552318,0.00043717708510759097,0.36740204997307674,0.3925380914670876,0.4501798864222386,0.2649342347091546,0.4162336728883068,0.604237620807971,0.5035778496943536,0.5194166195784317,0.5251908480422005,0.0018868756840235534,0.005069996421198886,0.017104379494377903,0.0013571266381211887,0.008890799822339333,0.04826400955529679,0.00195972671700827,0.0036596119929453268,0.007722453369301781
