NDCG5,NDCG10,NDCG20,RECALL5,RECALL10,RECALL20,MRR5,MRR10,MRR20,0-15_NDCG5,0-15_NDCG10,0-15_NDCG20,0-15_RECALL5,0-15_RECALL10,0-15_RECALL20,0-15_MRR5,0-15_MRR10,0-15_MRR20,15-20_NDCG5,15-20_NDCG10,15-20_NDCG20,15-20_RECALL5,15-20_RECALL10,15-20_RECALL20,15-20_MRR5,15-20_MRR10,15-20_MRR20,20-25_NDCG5,20-25_NDCG10,20-25_NDCG20,20-25_RECALL5,20-25_RECALL10,20-25_RECALL20,20-25_MRR5,20-25_MRR10,20-25_MRR20,25-30_NDCG5,25-30_NDCG10,25-30_NDCG20,25-30_RECALL5,25-30_RECALL10,25-30_RECALL20,25-30_MRR5,25-30_MRR10,25-30_MRR20,30-35_NDCG5,30-35_NDCG10,30-35_NDCG20,30-35_RECALL5,30-35_RECALL10,30-35_RECALL20,30-35_MRR5,30-35_MRR10,30-35_MRR20,Head_NDCG5,Head_NDCG10,Head_NDCG20,Head_RECALL5,Head_RECALL10,Head_RECALL20,Head_MRR5,Head_MRR10,Head_MRR20,Tail_NDCG5,Tail_NDCG10,Tail_NDCG20,Tail_RECALL5,Tail_RECALL10,Tail_RECALL20,Tail_MRR5,Tail_MRR10,Tail_MRR20
0.32048102619989677,0.35886021044003924,0.4124510282411754,0.2713730535369524,0.39388427290141304,0.521634276869949,0.4930280307088036,0.5075192780200825,0.5130438940992466,0.0,0.0,0.0064206024941578736,0.0,0.0,0.023675898931000968,0.0,0.0,0.001664333401872806,0.0,0.0066489335154275115,0.10147587824786981,0.0,0.022020725388601035,0.39982728842832466,0.0,0.0005207403439861928,0.005671412039905221,0.0012683698597853823,0.013840740947524431,0.19142323422136698,0.003278688524590164,0.04590163934426229,0.7557377049180328,0.00010712372790573113,0.0008421115277033865,0.008467345925661356,0.0069576967260249764,0.05669585081859577,0.2511440641102323,0.01702127659574468,0.17659574468085107,0.9319148936170213,0.00048205677557578997,0.002986711556609788,0.009668046077469314,0.011732113078630873,0.11626169133990279,0.27997374053667845,0.02944640753828033,0.3586572438162544,0.977620730270907,0.0009908944831280128,0.007176652128446441,0.014172412112083711,0.3592095729110579,0.4179292678152974,0.48276603598447015,0.33840731131467755,0.4961883060515876,0.6658965089350127,0.4930280307088036,0.5075192780200825,0.5130438940992466,0.0,0.0,0.0,0.0,0.0,0.0,0.0,0.0,0.0
