NDCG5,NDCG10,NDCG20,RECALL5,RECALL10,RECALL20,MRR5,MRR10,MRR20,0-15_NDCG5,0-15_NDCG10,0-15_NDCG20,0-15_RECALL5,0-15_RECALL10,0-15_RECALL20,0-15_MRR5,0-15_MRR10,0-15_MRR20,15-20_NDCG5,15-20_NDCG10,15-20_NDCG20,15-20_RECALL5,15-20_RECALL10,15-20_RECALL20,15-20_MRR5,15-20_MRR10,15-20_MRR20,20-25_NDCG5,20-25_NDCG10,20-25_NDCG20,20-25_RECALL5,20-25_RECALL10,20-25_RECALL20,20-25_MRR5,20-25_MRR10,20-25_MRR20,25-30_NDCG5,25-30_NDCG10,25-30_NDCG20,25-30_RECALL5,25-30_RECALL10,25-30_RECALL20,25-30_MRR5,25-30_MRR10,25-30_MRR20,30-35_NDCG5,30-35_NDCG10,30-35_NDCG20,30-35_RECALL5,30-35_RECALL10,30-35_RECALL20,30-35_MRR5,30-35_MRR10,30-35_MRR20,Head_NDCG5,Head_NDCG10,Head_NDCG20,Head_RECALL5,Head_RECALL10,Head_RECALL20,Head_MRR5,Head_MRR10,Head_MRR20,Tail_NDCG5,Tail_NDCG10,Tail_NDCG20,Tail_RECALL5,Tail_RECALL10,Tail_RECALL20,Tail_MRR5,Tail_MRR10,Tail_MRR20
0.34876483076756304,0.3333938513765507,0.3408835736228817,0.1378464505733666,0.21552752916995327,0.3223591957874243,0.5186281102891735,0.5323755617467806,0.5374873691018356,0.0,0.0003101250213543878,0.0003101250213543878,0.0,0.0005797101449275362,0.0005797101449275362,0.0,2.101546738399462e-05,2.101546738399462e-05,0.0007406499395203412,0.0007406499395203412,0.0012053881960626778,0.0011013215859030838,0.0011013215859030838,0.0022026431718061676,4.203093476798924e-05,4.203093476798924e-05,4.203093476798924e-05,0.0,0.0,0.0,0.0,0.0,0.0,0.0,0.0,0.0,0.0,0.0,0.0,0.0,0.0,0.0,0.0,0.0,0.0,0.0,0.0,0.0,0.0,0.0,0.0,0.0,0.0,0.0,0.36482791379696755,0.36172909749787985,0.3900592162797706,0.1852174730208409,0.2919350759256644,0.440722021761663,0.5186281102891735,0.5323755617467806,0.5374873691018356,3.0030499556477475e-05,3.310908466775078e-05,4.2938635182145076e-05,4.2831688596491226e-06,8.566337719298245e-06,1.5979826976986528e-05,4.203093476798924e-05,4.203093476798924e-05,6.138728630587902e-05
