NDCG5,NDCG10,NDCG20,RECALL5,RECALL10,RECALL20,MRR5,MRR10,MRR20,0-15_NDCG5,0-15_NDCG10,0-15_NDCG20,0-15_RECALL5,0-15_RECALL10,0-15_RECALL20,0-15_MRR5,0-15_MRR10,0-15_MRR20,15-20_NDCG5,15-20_NDCG10,15-20_NDCG20,15-20_RECALL5,15-20_RECALL10,15-20_RECALL20,15-20_MRR5,15-20_MRR10,15-20_MRR20,20-25_NDCG5,20-25_NDCG10,20-25_NDCG20,20-25_RECALL5,20-25_RECALL10,20-25_RECALL20,20-25_MRR5,20-25_MRR10,20-25_MRR20,25-30_NDCG5,25-30_NDCG10,25-30_NDCG20,25-30_RECALL5,25-30_RECALL10,25-30_RECALL20,25-30_MRR5,25-30_MRR10,25-30_MRR20,30-35_NDCG5,30-35_NDCG10,30-35_NDCG20,30-35_RECALL5,30-35_RECALL10,30-35_RECALL20,30-35_MRR5,30-35_MRR10,30-35_MRR20,Head_NDCG5,Head_NDCG10,Head_NDCG20,Head_RECALL5,Head_RECALL10,Head_RECALL20,Head_MRR5,Head_MRR10,Head_MRR20,Tail_NDCG5,Tail_NDCG10,Tail_NDCG20,Tail_RECALL5,Tail_RECALL10,Tail_RECALL20,Tail_MRR5,Tail_MRR10,Tail_MRR20
0.05703634264164498,0.07875831090817703,0.10013807370522823,0.07540130049052471,0.1344991883347575,0.20540010981832463,0.07240903183885629,0.08492866038553155,0.09198948403140725,0.0006963788300835655,0.0006963788300835655,0.0007283770694180553,0.0006963788300835655,0.0006963788300835655,0.0007834261838440111,0.0004874482086278333,0.0004874482086278333,0.0005009884366452731,0.0,0.0014076648709073207,0.011022514281767532,0.0,0.004573170731707317,0.04242886178861789,0.0,8.631266860966934e-05,0.0005281196530423668,0.0025012034950509156,0.005954274765742609,0.020666712251876065,0.00646551724137931,0.016882183908045977,0.07543103448275862,0.0001463057790782736,0.000331510316879739,0.0007882091780869017,0.008032221446456515,0.01752253497268386,0.051308182263139046,0.01451077943615257,0.04436152570480929,0.1791044776119403,0.000641963269949618,0.0010325973392770079,0.001929946201958041,0.00746969706959517,0.04191029677040681,0.10133752825232854,0.016877637130801686,0.12605485232067512,0.35812236286919835,0.000361700398276843,0.001423868742815341,0.0026976374914052252,0.10113314614123828,0.1425675280132667,0.1819054425144824,0.14615767223224954,0.2618675817610427,0.4007613029471961,0.07218295556097153,0.08470563544290069,0.0917681799816952,0.0007434944237918215,0.0007434944237918215,0.0007434944237918215,0.0007434944237918215,0.0007434944237918215,0.0007434944237918215,0.0004874482086278333,0.0004874482086278333,0.0004874482086278333
