NDCG5,NDCG10,NDCG20,RECALL5,RECALL10,RECALL20,MRR5,MRR10,MRR20,0-15_NDCG5,0-15_NDCG10,0-15_NDCG20,0-15_RECALL5,0-15_RECALL10,0-15_RECALL20,0-15_MRR5,0-15_MRR10,0-15_MRR20,15-20_NDCG5,15-20_NDCG10,15-20_NDCG20,15-20_RECALL5,15-20_RECALL10,15-20_RECALL20,15-20_MRR5,15-20_MRR10,15-20_MRR20,20-25_NDCG5,20-25_NDCG10,20-25_NDCG20,20-25_RECALL5,20-25_RECALL10,20-25_RECALL20,20-25_MRR5,20-25_MRR10,20-25_MRR20,25-30_NDCG5,25-30_NDCG10,25-30_NDCG20,25-30_RECALL5,25-30_RECALL10,25-30_RECALL20,25-30_MRR5,25-30_MRR10,25-30_MRR20,30-35_NDCG5,30-35_NDCG10,30-35_NDCG20,30-35_RECALL5,30-35_RECALL10,30-35_RECALL20,30-35_MRR5,30-35_MRR10,30-35_MRR20,Head_NDCG5,Head_NDCG10,Head_NDCG20,Head_RECALL5,Head_RECALL10,Head_RECALL20,Head_MRR5,Head_MRR10,Head_MRR20,Tail_NDCG5,Tail_NDCG10,Tail_NDCG20,Tail_RECALL5,Tail_RECALL10,Tail_RECALL20,Tail_MRR5,Tail_MRR10,Tail_MRR20
0.3217418340034958,0.3613366748252353,0.4148905178896475,0.27101829313934245,0.3973158975167548,0.524334532931212,0.49686663095875905,0.5120764999447387,0.5174557163997777,0.0,0.0,0.005381503229667788,0.0,0.0,0.02051749271137026,0.0,0.0,0.0013034626404198294,0.0,0.0036286035047816932,0.1080737132305306,0.0,0.011658031088082901,0.4317789291882556,0.0,0.00030351722906623815,0.005752925457659456,0.0,0.016233272267987365,0.2021744794784766,0.0,0.05245901639344262,0.7918032786885246,0.0,0.0010251145628756772,0.009061671988280616,0.001646182158444858,0.05154374584321596,0.2538015730535403,0.00425531914893617,0.16808510638297872,0.9531914893617022,0.00010712372790573113,0.0024770236607408545,0.009472329792009543,0.00562273844444176,0.1158486803211977,0.28199343625724527,0.014134275618374558,0.3627797408716137,0.9893992932862191,0.0004552758435993573,0.007008314841737435,0.01409389091719149,0.36102872491681376,0.4211589038956432,0.48658881441348034,0.3386863291718202,0.5002789977259845,0.6721385571273959,0.49686663095875905,0.5120764999447387,0.5174557163997777,0.0,0.0,0.0,0.0,0.0,0.0,0.0,0.0,0.0
