NDCG5,NDCG10,NDCG20,RECALL5,RECALL10,RECALL20,MRR5,MRR10,MRR20,0-15_NDCG5,0-15_NDCG10,0-15_NDCG20,0-15_RECALL5,0-15_RECALL10,0-15_RECALL20,0-15_MRR5,0-15_MRR10,0-15_MRR20,15-20_NDCG5,15-20_NDCG10,15-20_NDCG20,15-20_RECALL5,15-20_RECALL10,15-20_RECALL20,15-20_MRR5,15-20_MRR10,15-20_MRR20,20-25_NDCG5,20-25_NDCG10,20-25_NDCG20,20-25_RECALL5,20-25_RECALL10,20-25_RECALL20,20-25_MRR5,20-25_MRR10,20-25_MRR20,25-30_NDCG5,25-30_NDCG10,25-30_NDCG20,25-30_RECALL5,25-30_RECALL10,25-30_RECALL20,25-30_MRR5,25-30_MRR10,25-30_MRR20,30-35_NDCG5,30-35_NDCG10,30-35_NDCG20,30-35_RECALL5,30-35_RECALL10,30-35_RECALL20,30-35_MRR5,30-35_MRR10,30-35_MRR20,Head_NDCG5,Head_NDCG10,Head_NDCG20,Head_RECALL5,Head_RECALL10,Head_RECALL20,Head_MRR5,Head_MRR10,Head_MRR20,Tail_NDCG5,Tail_NDCG10,Tail_NDCG20,Tail_RECALL5,Tail_RECALL10,Tail_RECALL20,Tail_MRR5,Tail_MRR10,Tail_MRR20
0.36899922885515757,0.3723589975673511,0.3985464357194563,0.19874932361894987,0.31220097741848407,0.4544558368029464,0.5545846817691467,0.5686828992654234,0.5729725674358814,0.0,0.0,0.00037003163117627026,0.0,0.0,0.0009881422924901185,0.0,0.0,6.345580303318739e-05,0.0,0.0,0.0,0.0,0.0,0.0,0.0,0.0,0.0,0.0,0.0,0.0028278946161007456,0.0,0.0,0.009401709401709401,0.0,0.0,0.00021167348709505069,0.0,0.0008990013908481924,0.0030049233435430946,0.0,0.0019157088122605363,0.009578544061302681,0.0,0.00015410695022345506,0.00029109090597763735,0.002564102564102564,0.002564102564102564,0.004132060333068464,0.005128205128205128,0.005128205128205128,0.009401709401709401,0.0003595828838547285,0.0003595828838547285,0.0005060193523928532,0.4075915583097348,0.43279040539700797,0.4934688323446076,0.28985585464577796,0.45027454837886155,0.6485727582038,0.5545307443365686,0.5684748548826215,0.5725631582284921,0.004615923661294411,0.006702584657476273,0.016652771911932346,0.002771543443381495,0.00902549015889041,0.03487447188083005,0.005879180151024813,0.008060221571548431,0.01247374813231917
