NDCG5,NDCG10,NDCG20,RECALL5,RECALL10,RECALL20,MRR5,MRR10,MRR20,0-15_NDCG5,0-15_NDCG10,0-15_NDCG20,0-15_RECALL5,0-15_RECALL10,0-15_RECALL20,0-15_MRR5,0-15_MRR10,0-15_MRR20,15-20_NDCG5,15-20_NDCG10,15-20_NDCG20,15-20_RECALL5,15-20_RECALL10,15-20_RECALL20,15-20_MRR5,15-20_MRR10,15-20_MRR20,20-25_NDCG5,20-25_NDCG10,20-25_NDCG20,20-25_RECALL5,20-25_RECALL10,20-25_RECALL20,20-25_MRR5,20-25_MRR10,20-25_MRR20,25-30_NDCG5,25-30_NDCG10,25-30_NDCG20,25-30_RECALL5,25-30_RECALL10,25-30_RECALL20,25-30_MRR5,25-30_MRR10,25-30_MRR20,30-35_NDCG5,30-35_NDCG10,30-35_NDCG20,30-35_RECALL5,30-35_RECALL10,30-35_RECALL20,30-35_MRR5,30-35_MRR10,30-35_MRR20,Head_NDCG5,Head_NDCG10,Head_NDCG20,Head_RECALL5,Head_RECALL10,Head_RECALL20,Head_MRR5,Head_MRR10,Head_MRR20,Tail_NDCG5,Tail_NDCG10,Tail_NDCG20,Tail_RECALL5,Tail_RECALL10,Tail_RECALL20,Tail_MRR5,Tail_MRR10,Tail_MRR20
0.34844659016198176,0.33409331970210343,0.34161203859475575,0.13829897649693498,0.2161487899223485,0.32386664413113303,0.5180873122618254,0.5318466391263987,0.5368313384040833,0.0,0.0,0.0,0.0,0.0,0.0,0.0,0.0,0.0,0.0,0.0,0.0,0.0,0.0,0.0,0.0,0.0,0.0,0.0,0.0,0.0,0.0,0.0,0.0,0.0,0.0,0.0,0.0,0.0,0.0,0.0,0.0,0.0,0.0,0.0,0.0,0.0,0.0,0.0,0.0,0.0,0.0,0.0,0.0,0.0,0.36465030497748174,0.362606702818959,0.39108550786493546,0.18615253303139034,0.29322380984667823,0.44304733202936886,0.5180873122618254,0.5318466391263987,0.5368313384040833,0.0,0.0,6.648497357796016e-06,0.0,0.0,2.979595728451564e-06,0.0,0.0,8.406186953597848e-06
