NDCG5,NDCG10,NDCG20,RECALL5,RECALL10,RECALL20,MRR5,MRR10,MRR20,0-15_NDCG5,0-15_NDCG10,0-15_NDCG20,0-15_RECALL5,0-15_RECALL10,0-15_RECALL20,0-15_MRR5,0-15_MRR10,0-15_MRR20,15-20_NDCG5,15-20_NDCG10,15-20_NDCG20,15-20_RECALL5,15-20_RECALL10,15-20_RECALL20,15-20_MRR5,15-20_MRR10,15-20_MRR20,20-25_NDCG5,20-25_NDCG10,20-25_NDCG20,20-25_RECALL5,20-25_RECALL10,20-25_RECALL20,20-25_MRR5,20-25_MRR10,20-25_MRR20,25-30_NDCG5,25-30_NDCG10,25-30_NDCG20,25-30_RECALL5,25-30_RECALL10,25-30_RECALL20,25-30_MRR5,25-30_MRR10,25-30_MRR20,30-35_NDCG5,30-35_NDCG10,30-35_NDCG20,30-35_RECALL5,30-35_RECALL10,30-35_RECALL20,30-35_MRR5,30-35_MRR10,30-35_MRR20,Head_NDCG5,Head_NDCG10,Head_NDCG20,Head_RECALL5,Head_RECALL10,Head_RECALL20,Head_MRR5,Head_MRR10,Head_MRR20,Tail_NDCG5,Tail_NDCG10,Tail_NDCG20,Tail_RECALL5,Tail_RECALL10,Tail_RECALL20,Tail_MRR5,Tail_MRR10,Tail_MRR20
0.29530292242539985,0.33217016760994617,0.3845232969809277,0.2518735534536279,0.36780822581572414,0.4924766761536977,0.46539903588645026,0.4816265802875348,0.4867122804842432,0.0011041439802039006,0.005761855699676991,0.01944058791637621,0.002186588921282799,0.015026724975704566,0.061892614188532556,0.0008212819139439385,0.00283389020668078,0.00681723729538886,0.012496898476619014,0.0377079614265037,0.10688524406488509,0.024179620034542312,0.10146804835924006,0.36614853195164077,0.0018835922156757723,0.00418250142406543,0.0081762653213848,0.0034581215674663306,0.029167026709470783,0.10855674009539713,0.00819672131147541,0.08852459016393442,0.40491803278688526,0.00034815211569362613,0.0021027282543083295,0.005577525495968021,0.027921726112794983,0.087661730113314,0.18053257514513837,0.06382978723404255,0.2574468085106383,0.6234042553191489,0.002088912694161757,0.005004633526326079,0.008143185089715253,0.05190502210318197,0.14043765937594008,0.24492542992711214,0.1166077738515901,0.3869257950530035,0.7926972909305064,0.005061596143545794,0.010686654593992559,0.014821361520093439,0.33120512621606973,0.39027950862760674,0.4526709761080446,0.31097538684034165,0.46772447852247007,0.6311286493764167,0.4736386359578663,0.48888697596517755,0.4942495723190994,0.0,0.0,0.0005011762940599838,0.0,0.0,0.0019157088122605363,0.0,0.0,6.939188852193109e-05
