NDCG5,NDCG10,NDCG20,RECALL5,RECALL10,RECALL20,MRR5,MRR10,MRR20,0-15_NDCG5,0-15_NDCG10,0-15_NDCG20,0-15_RECALL5,0-15_RECALL10,0-15_RECALL20,0-15_MRR5,0-15_MRR10,0-15_MRR20,15-20_NDCG5,15-20_NDCG10,15-20_NDCG20,15-20_RECALL5,15-20_RECALL10,15-20_RECALL20,15-20_MRR5,15-20_MRR10,15-20_MRR20,20-25_NDCG5,20-25_NDCG10,20-25_NDCG20,20-25_RECALL5,20-25_RECALL10,20-25_RECALL20,20-25_MRR5,20-25_MRR10,20-25_MRR20,25-30_NDCG5,25-30_NDCG10,25-30_NDCG20,25-30_RECALL5,25-30_RECALL10,25-30_RECALL20,25-30_MRR5,25-30_MRR10,25-30_MRR20,30-35_NDCG5,30-35_NDCG10,30-35_NDCG20,30-35_RECALL5,30-35_RECALL10,30-35_RECALL20,30-35_MRR5,30-35_MRR10,30-35_MRR20,Head_NDCG5,Head_NDCG10,Head_NDCG20,Head_RECALL5,Head_RECALL10,Head_RECALL20,Head_MRR5,Head_MRR10,Head_MRR20,Tail_NDCG5,Tail_NDCG10,Tail_NDCG20,Tail_RECALL5,Tail_RECALL10,Tail_RECALL20,Tail_MRR5,Tail_MRR10,Tail_MRR20
0.43154418353087937,0.4233836779504771,0.4407628595650534,0.17612373411970564,0.2850867680917268,0.43154872593705795,0.6068874691773166,0.6189186574652301,0.6226526318288267,0.0034592069670065823,0.005848645103785506,0.006473531070789508,0.007246376811594203,0.014492753623188406,0.016149068322981366,0.00014570724052902936,0.00020875364268101322,0.00023524586823174583,0.0007997435794597034,0.001488845967158318,0.003947362115861482,0.0014684287812041115,0.002936857562408223,0.011747430249632892,3.362474781439139e-05,5.764242482467096e-05,9.167290111947734e-05,0.000510728495953519,0.001075395289141323,0.005383203349123412,0.0005827505827505828,0.002331002331002331,0.01893939393939394,4.203093476798924e-05,5.884330867518493e-05,0.00012161125276260369,0.0005141514870676374,0.002998654448511406,0.0051818569503741625,0.0007645259938837921,0.007900101936799183,0.01564729867482161,4.203093476798924e-05,0.0001148845550325039,0.00015001647272998986,0.003559700190071161,0.006594485646234591,0.01389067286819296,0.006060606060606061,0.015151515151515152,0.04292929292929293,0.00017372786370768885,0.00024658148397220357,0.0003789486645289568,0.44110376670336504,0.4463167996289318,0.4827974536357316,0.23538684668963256,0.3754071574410619,0.5547263681980901,0.596531046850484,0.6082600794184542,0.6119712413423374,0.0665017186574817,0.07842515044175852,0.10183915164798167,0.03672989456826982,0.07618363824689882,0.14998071571623192,0.08957913023985623,0.10191047277462875,0.11008125635450466
