NDCG5,NDCG10,NDCG20,RECALL5,RECALL10,RECALL20,MRR5,MRR10,MRR20,0-15_NDCG5,0-15_NDCG10,0-15_NDCG20,0-15_RECALL5,0-15_RECALL10,0-15_RECALL20,0-15_MRR5,0-15_MRR10,0-15_MRR20,15-20_NDCG5,15-20_NDCG10,15-20_NDCG20,15-20_RECALL5,15-20_RECALL10,15-20_RECALL20,15-20_MRR5,15-20_MRR10,15-20_MRR20,20-25_NDCG5,20-25_NDCG10,20-25_NDCG20,20-25_RECALL5,20-25_RECALL10,20-25_RECALL20,20-25_MRR5,20-25_MRR10,20-25_MRR20,25-30_NDCG5,25-30_NDCG10,25-30_NDCG20,25-30_RECALL5,25-30_RECALL10,25-30_RECALL20,25-30_MRR5,25-30_MRR10,25-30_MRR20,30-35_NDCG5,30-35_NDCG10,30-35_NDCG20,30-35_RECALL5,30-35_RECALL10,30-35_RECALL20,30-35_MRR5,30-35_MRR10,30-35_MRR20,Head_NDCG5,Head_NDCG10,Head_NDCG20,Head_RECALL5,Head_RECALL10,Head_RECALL20,Head_MRR5,Head_MRR10,Head_MRR20,Tail_NDCG5,Tail_NDCG10,Tail_NDCG20,Tail_RECALL5,Tail_RECALL10,Tail_RECALL20,Tail_MRR5,Tail_MRR10,Tail_MRR20
0.34524154618801095,0.35029008581078735,0.3806060541038953,0.1891172826501277,0.29912913544958064,0.4485365522183806,0.5142754404890318,0.52956798684954,0.534880865534276,0.0,0.0,0.0030463637633901535,0.0,0.0,0.008481773099464254,0.0,0.0,0.0005159254499230653,0.0,0.0,0.004525612209489353,0.0,0.0,0.01654135338345865,0.0,0.0,0.0002484705154608067,0.004498626370831731,0.009201977915404532,0.014456110104235014,0.00641025641025641,0.020512820512820513,0.040170940170940174,0.0010787486515641855,0.0015684662933853875,0.0019313549802393271,0.006499596284893434,0.008178206718456843,0.02119750494157537,0.011494252873563218,0.01532567049808429,0.06130268199233716,0.0008989572096368212,0.0011609390250166948,0.0019452374130653207,0.013101164502960156,0.01754618915539812,0.03238233742889525,0.023076923076923078,0.035897435897435895,0.09102564102564102,0.0021395181589356346,0.0025812914162428725,0.0034944123578938774,0.37665885274554844,0.3983951258078817,0.457462986186464,0.2679499522838074,0.41730292784085693,0.6122957638457163,0.5117224020136633,0.5268878101402371,0.5319813663160067,0.01921451552552905,0.029613552936326653,0.05021288788136938,0.013412180569431631,0.04157128536581297,0.10070435266260361,0.025314635023372882,0.03363940685947158,0.04150951290480587
