NDCG5,NDCG10,NDCG20,RECALL5,RECALL10,RECALL20,MRR5,MRR10,MRR20,0-15_NDCG5,0-15_NDCG10,0-15_NDCG20,0-15_RECALL5,0-15_RECALL10,0-15_RECALL20,0-15_MRR5,0-15_MRR10,0-15_MRR20,15-20_NDCG5,15-20_NDCG10,15-20_NDCG20,15-20_RECALL5,15-20_RECALL10,15-20_RECALL20,15-20_MRR5,15-20_MRR10,15-20_MRR20,20-25_NDCG5,20-25_NDCG10,20-25_NDCG20,20-25_RECALL5,20-25_RECALL10,20-25_RECALL20,20-25_MRR5,20-25_MRR10,20-25_MRR20,25-30_NDCG5,25-30_NDCG10,25-30_NDCG20,25-30_RECALL5,25-30_RECALL10,25-30_RECALL20,25-30_MRR5,25-30_MRR10,25-30_MRR20,30-35_NDCG5,30-35_NDCG10,30-35_NDCG20,30-35_RECALL5,30-35_RECALL10,30-35_RECALL20,30-35_MRR5,30-35_MRR10,30-35_MRR20,Head_NDCG5,Head_NDCG10,Head_NDCG20,Head_RECALL5,Head_RECALL10,Head_RECALL20,Head_MRR5,Head_MRR10,Head_MRR20,Tail_NDCG5,Tail_NDCG10,Tail_NDCG20,Tail_RECALL5,Tail_RECALL10,Tail_RECALL20,Tail_MRR5,Tail_MRR10,Tail_MRR20
0.028470324870220377,0.03424898197221145,0.04275315688897199,0.03408357984273876,0.05060442744803773,0.0784988276925841,0.03824317738791422,0.04242589498437449,0.04589567857759541,0.008043681155279142,0.011191375215399849,0.01708154517692661,0.011212528186762166,0.02001011407348455,0.04050838418004155,0.006158095702331627,0.007467242319789235,0.009055886910656405,0.017097641481795767,0.022894011241394747,0.03061035087283868,0.027184959349593498,0.044715447154471545,0.0741869918699187,0.0025359668373567423,0.0029503063519157146,0.003310097614533668,0.024342911611644716,0.030658466715934345,0.03681253220020158,0.03556034482758621,0.05387931034482758,0.07866379310344827,0.002385597008859627,0.002729976815565696,0.0029172279012327834,0.021757276732784582,0.02726499447192122,0.03608079086822856,0.036069651741293535,0.053482587064676616,0.08789386401326699,0.0017552413456850316,0.001986835689907362,0.002240046311229212,0.03330877583951998,0.04341521259219012,0.053905725308924075,0.042194092827004225,0.07383966244725738,0.11656118143459916,0.0023571486629277412,0.0026729833606205225,0.0028837234250491455,0.04238396337254172,0.05053416685740767,0.061319322959854324,0.053974221957322606,0.0766875829697285,0.11499770741137376,0.033357705743764704,0.036333847861997975,0.03872953064793551,0.0074524133021277505,0.010755230741888685,0.016439583492141745,0.010223933439546824,0.019431315277040187,0.03944001888239807,0.005321309610853845,0.0065695252022329766,0.008017715678405698
