NDCG5,NDCG10,NDCG20,RECALL5,RECALL10,RECALL20,MRR5,MRR10,MRR20,0-15_NDCG5,0-15_NDCG10,0-15_NDCG20,0-15_RECALL5,0-15_RECALL10,0-15_RECALL20,0-15_MRR5,0-15_MRR10,0-15_MRR20,15-20_NDCG5,15-20_NDCG10,15-20_NDCG20,15-20_RECALL5,15-20_RECALL10,15-20_RECALL20,15-20_MRR5,15-20_MRR10,15-20_MRR20,20-25_NDCG5,20-25_NDCG10,20-25_NDCG20,20-25_RECALL5,20-25_RECALL10,20-25_RECALL20,20-25_MRR5,20-25_MRR10,20-25_MRR20,25-30_NDCG5,25-30_NDCG10,25-30_NDCG20,25-30_RECALL5,25-30_RECALL10,25-30_RECALL20,25-30_MRR5,25-30_MRR10,25-30_MRR20,30-35_NDCG5,30-35_NDCG10,30-35_NDCG20,30-35_RECALL5,30-35_RECALL10,30-35_RECALL20,30-35_MRR5,30-35_MRR10,30-35_MRR20,Head_NDCG5,Head_NDCG10,Head_NDCG20,Head_RECALL5,Head_RECALL10,Head_RECALL20,Head_MRR5,Head_MRR10,Head_MRR20,Tail_NDCG5,Tail_NDCG10,Tail_NDCG20,Tail_RECALL5,Tail_RECALL10,Tail_RECALL20,Tail_MRR5,Tail_MRR10,Tail_MRR20
0.2860432825223994,0.2961156087830472,0.33099764230321715,0.10647035769627548,0.1969609264871987,0.3461151717610107,0.42296850481954623,0.44089856801272365,0.4482420066393756,0.0007654148480364953,0.001679805795241506,0.0027547181884526187,0.0014492753623188406,0.004347826086956522,0.00782608695652174,4.203093476798924e-05,6.304640215198387e-05,9.38690876485093e-05,0.0,0.001907405205031524,0.002963847789032103,0.0,0.005506607929515419,0.009911894273127754,0.0,3.969588283643428e-05,4.95855145465494e-05,0.00301172418233142,0.00301172418233142,0.004381895167876854,0.006993006993006993,0.006993006993006993,0.012237762237762238,8.406186953597848e-05,8.406186953597848e-05,0.00010411873665333474,0.0,0.0,0.002163324062500747,0.0,0.0,0.009174311926605505,0.0,0.0,2.8204969383782253e-05,0.0028202319941617975,0.003772467467848964,0.0048428656957861145,0.006060606060606061,0.008181818181818182,0.012222222222222221,9.807218112530821e-05,0.00014710827168796234,0.00016646462322585212,0.26524050208949773,0.28707808915944494,0.3386136075803171,0.12879295665661072,0.24186990406328002,0.42464600244431805,0.3830811477247248,0.40183154801934123,0.40981334152140486,0.08063758531487998,0.08912078623304093,0.10797659844742873,0.052416549347272474,0.0910021461016648,0.15391296283058142,0.10341851602779659,0.11358626615855942,0.12024574066825959
