NDCG5,NDCG10,NDCG20,RECALL5,RECALL10,RECALL20,MRR5,MRR10,MRR20,0-15_NDCG5,0-15_NDCG10,0-15_NDCG20,0-15_RECALL5,0-15_RECALL10,0-15_RECALL20,0-15_MRR5,0-15_MRR10,0-15_MRR20,15-20_NDCG5,15-20_NDCG10,15-20_NDCG20,15-20_RECALL5,15-20_RECALL10,15-20_RECALL20,15-20_MRR5,15-20_MRR10,15-20_MRR20,20-25_NDCG5,20-25_NDCG10,20-25_NDCG20,20-25_RECALL5,20-25_RECALL10,20-25_RECALL20,20-25_MRR5,20-25_MRR10,20-25_MRR20,25-30_NDCG5,25-30_NDCG10,25-30_NDCG20,25-30_RECALL5,25-30_RECALL10,25-30_RECALL20,25-30_MRR5,25-30_MRR10,25-30_MRR20,30-35_NDCG5,30-35_NDCG10,30-35_NDCG20,30-35_RECALL5,30-35_RECALL10,30-35_RECALL20,30-35_MRR5,30-35_MRR10,30-35_MRR20,Head_NDCG5,Head_NDCG10,Head_NDCG20,Head_RECALL5,Head_RECALL10,Head_RECALL20,Head_MRR5,Head_MRR10,Head_MRR20,Tail_NDCG5,Tail_NDCG10,Tail_NDCG20,Tail_RECALL5,Tail_RECALL10,Tail_RECALL20,Tail_MRR5,Tail_MRR10,Tail_MRR20
0.1926302335304843,0.21430743347594577,0.2535544991812712,0.10601902814936649,0.1948930251160625,0.33407072320354586,0.31057173678532896,0.3320889197102788,0.3408840904298385,0.0023725559711865658,0.005011537234467078,0.009812839973640557,0.004088864658579801,0.012130298487120075,0.02821316614420063,0.0006292700467457748,0.000918220578414753,0.0014845715445372784,0.0,0.0016421611790839413,0.0024883182376964795,0.0,0.0037593984962406013,0.006265664160401002,0.0,0.00017979144192736425,0.0002432472449605516,0.008789673152484757,0.010153772782034987,0.01333957796928384,0.011111111111111113,0.01623931623931624,0.027777777777777776,0.001977705861201007,0.0020855807263574252,0.0023371310332645713,0.0028735632183908046,0.005502622055583717,0.00821710935911923,0.005747126436781609,0.013409961685823755,0.02490421455938697,0.0003595828838547285,0.000633550795363093,0.0007549100186640639,0.006700377417347329,0.009401709401709401,0.018933388878696025,0.007692307692307693,0.015384615384615385,0.05384615384615385,0.001438331535418914,0.0017272820670878922,0.002267021997476775,0.1932302658726915,0.223081837003924,0.28452521222290306,0.13844335005965844,0.24924157040710862,0.4274788903522227,0.2874685364976628,0.30826098868170065,0.31709127994133035,0.0409703915753876,0.04895105122864688,0.06698420502152294,0.04115580106013823,0.07082338574925708,0.12952145744585936,0.04964041711614528,0.05731280286296471,0.06364546314424589
