NDCG5,NDCG10,NDCG20,RECALL5,RECALL10,RECALL20,MRR5,MRR10,MRR20,0-15_NDCG5,0-15_NDCG10,0-15_NDCG20,0-15_RECALL5,0-15_RECALL10,0-15_RECALL20,0-15_MRR5,0-15_MRR10,0-15_MRR20,15-20_NDCG5,15-20_NDCG10,15-20_NDCG20,15-20_RECALL5,15-20_RECALL10,15-20_RECALL20,15-20_MRR5,15-20_MRR10,15-20_MRR20,20-25_NDCG5,20-25_NDCG10,20-25_NDCG20,20-25_RECALL5,20-25_RECALL10,20-25_RECALL20,20-25_MRR5,20-25_MRR10,20-25_MRR20,25-30_NDCG5,25-30_NDCG10,25-30_NDCG20,25-30_RECALL5,25-30_RECALL10,25-30_RECALL20,25-30_MRR5,25-30_MRR10,25-30_MRR20,30-35_NDCG5,30-35_NDCG10,30-35_NDCG20,30-35_RECALL5,30-35_RECALL10,30-35_RECALL20,30-35_MRR5,30-35_MRR10,30-35_MRR20,Head_NDCG5,Head_NDCG10,Head_NDCG20,Head_RECALL5,Head_RECALL10,Head_RECALL20,Head_MRR5,Head_MRR10,Head_MRR20,Tail_NDCG5,Tail_NDCG10,Tail_NDCG20,Tail_RECALL5,Tail_RECALL10,Tail_RECALL20,Tail_MRR5,Tail_MRR10,Tail_MRR20
0.278641697005177,0.33579666097305316,0.3919419310270534,0.2574416240190204,0.40514378200505674,0.5367077679209435,0.4072487055882889,0.42239459790343625,0.4285600572543754,0.05540377499267534,0.07892425908021168,0.11026667244639758,0.06804948169744088,0.13181486880466473,0.23974125364431462,0.05556150687377253,0.06475459314238104,0.07180835143224934,0.1523380296712074,0.196971642292141,0.2587745297811833,0.2439550949913644,0.3791018998272885,0.6157167530224524,0.026941617568291394,0.030882027869173066,0.03408382236523699,0.19089552124008338,0.26170426076807585,0.31881337983289876,0.27049180327868855,0.4885245901639344,0.7114754098360656,0.02726298875200858,0.03191309375026571,0.03441223636998061,0.22108067150917865,0.2882496371586584,0.34660045925032607,0.3659574468085106,0.5702127659574469,0.7978723404255319,0.022049633993929663,0.025604271346103182,0.027541658944975674,0.27397253355167356,0.3345316268408465,0.3843114979017647,0.43521790341578326,0.6201413427561837,0.8103651354534747,0.03469023388680595,0.038428724462468464,0.040521053601631905,0.3074961983187758,0.382072508493756,0.44698896338833227,0.31213550524376404,0.49153456600443174,0.6578038436018343,0.4021603285127666,0.41633870652349575,0.421816488052325,0.013153504663721007,0.018822706776385596,0.02925971662524751,0.015772669220945085,0.03231162196679438,0.07107279693486591,0.007739689341189074,0.008952695522058135,0.010255506306645448
