NDCG5,NDCG10,NDCG20,RECALL5,RECALL10,RECALL20,MRR5,MRR10,MRR20,0-15_NDCG5,0-15_NDCG10,0-15_NDCG20,0-15_RECALL5,0-15_RECALL10,0-15_RECALL20,0-15_MRR5,0-15_MRR10,0-15_MRR20,15-20_NDCG5,15-20_NDCG10,15-20_NDCG20,15-20_RECALL5,15-20_RECALL10,15-20_RECALL20,15-20_MRR5,15-20_MRR10,15-20_MRR20,20-25_NDCG5,20-25_NDCG10,20-25_NDCG20,20-25_RECALL5,20-25_RECALL10,20-25_RECALL20,20-25_MRR5,20-25_MRR10,20-25_MRR20,25-30_NDCG5,25-30_NDCG10,25-30_NDCG20,25-30_RECALL5,25-30_RECALL10,25-30_RECALL20,25-30_MRR5,25-30_MRR10,25-30_MRR20,30-35_NDCG5,30-35_NDCG10,30-35_NDCG20,30-35_RECALL5,30-35_RECALL10,30-35_RECALL20,30-35_MRR5,30-35_MRR10,30-35_MRR20,Head_NDCG5,Head_NDCG10,Head_NDCG20,Head_RECALL5,Head_RECALL10,Head_RECALL20,Head_MRR5,Head_MRR10,Head_MRR20,Tail_NDCG5,Tail_NDCG10,Tail_NDCG20,Tail_RECALL5,Tail_RECALL10,Tail_RECALL20,Tail_MRR5,Tail_MRR10,Tail_MRR20
0.029780502271529605,0.04085214959560851,0.05872411424754297,0.03757275476724221,0.06770212107866906,0.1257761169429123,0.03874675113710202,0.04619950725579373,0.052718295789070974,0.014135053294686445,0.019635815790339614,0.026517851292993857,0.019231662024141137,0.034482772914179595,0.05787876526908562,0.010805101957916974,0.013023861750403315,0.014833714451367585,0.023910289700959216,0.02836652186637217,0.04330720153609079,0.039253048780487805,0.05271849593495935,0.11140752032520326,0.0033000081280988376,0.003625615897013116,0.004281319399111403,0.031170434191973708,0.04034287911808616,0.058148723712976254,0.052801724137931036,0.08081896551724138,0.1499640804597701,0.0027472974071364705,0.003203341809779263,0.0037950271785861227,0.035320667808779994,0.046033719216500665,0.06393403220462505,0.05721393034825871,0.08872305140961859,0.15920398009950248,0.0027913213066796685,0.0032742448515242274,0.0037691529342887206,0.030245179302096234,0.04650774942641097,0.07786074618736515,0.05063291139240506,0.10126582278481013,0.22573839662447256,0.0018288222384784199,0.0023409892283337785,0.0030180437958537824,0.039454849255884744,0.056026002889326736,0.08268466334112998,0.054290260315241916,0.09947948614370365,0.19249921337540715,0.03027865789259891,0.03617107497804548,0.04148950457097146,0.013113877542158267,0.018176577875602666,0.02474959074909656,0.018333333333333333,0.032524783147459733,0.05513940520446097,0.009082784954098628,0.010923192089411938,0.012480880174156056
